category,target,country,scoped_to,alias_any,alias_en,alias_nl,alias_de,alias_fr,alias_ru,n_aliases,sitelinks,source,your_decision,your_note
COUNTRY,United States,,any,u.s.; us; usa,america; american; americans; the west; u.s.; us; usa; west; western; western world,amerika; amerikaanse; amerikanen; de vs; het westen; u.s.; us; usa; verenigde staten; westerse,amerika; amerikaner; der westen; u.s.; us; usa; vereinigte staaten; westlich,américain; américains; amérique; etats-unis; occident; occidental; u.s.; us; usa; états-unis,u.s.; us; usa; америка; американский; американцы; запад; западный; сша,17,,hand,,
COUNTRY,United Kingdom,,any,uk,britain; british; brits; great britain; the british; uk,brits; britten; groot-brittannië; uk,briten; grossbritannien; großbritannien; uk,britanniques; grande-bretagne; royaume-uni; uk,uk; британия; британцы; великобритания,12,,hand,,also incorrect spelling? etas unis?
COUNTRY,France,,any,,france; french; the french,frankrijk; frans; fransen,frankreich; franzosen,france; français; les français,франция; французский; французы,8,,hand,,
COUNTRY,Belgium,,any,,belgian; belgians; belgium,belgen; belgie; belgisch; belgië,belgien; belgier,belge; belges; belgique,бельгийцы; бельгия,9,,hand,,
COUNTRY,Germany,,any,,german; germans; germany,duits; duitsers; duitsland,deutsch; deutsche; deutschland,allemagne; allemand; allemands,германия; немецкий; немцы,10,,hand,,
COUNTRY,Netherlands,,any,,dutch; holland; netherlands; the dutch,nederland; nederlanders; nederlandse,niederlande; niederländer,néerlandais; pays-bas,голландия; голландцы; нидерланды,9,,hand,,
COUNTRY,Russia,,any,,russia; russian,rusland; russisch,russland,russe; russie,ватники; орки; рашисты; рашка; российский; россия; россияне; русня; русские,10,,hand,,"россияне; also add some common derogative terms? like орки, ватники, ватнички, вата"
COUNTRY,Ukraine,,any,,ukraine; ukrainian,oekraine; oekraïens; oekraïne,ukraine,ukraine; ukrainien,незалежная; украина; украинский; украинцы; україна; укропы; укры; хохлы,9,,hand,,"add укры, укропы, хохлы"
COUNTRY,Israel,,any,,israel; israeli; israelis,israel; israël; israëlisch; israëliërs,israel; israelis,israel; israéliens; israël,израиль; израильтяне,5,,hand,,
COUNTRY,Palestine,,any,gaza,gaza; palestine; palestinian; palestinians; west bank,gaza; palestijnen; palestijns; palestina,gaza; palästina,gaza; palestine; palestinien,gaza; газа; палестина,12,,hand,,
COUNTRY,China,,any,,china; chinese; chinese people,china; chinees; chinezen,china; chinesen; chinesisch,chine; chinois,китай; китайский; китайцы,7,,hand,,
COUNTRY,Taiwan,,any,taiwan,taiwan; taiwanese,taiwan; taiwanees,taiwan; taiwanesisch,taiwan; taïwanais,taiwan; тайвань; тайваньцы,3,,hand,,
COUNTRY,Iran,,any,iran,iran; iranian; iranians,iraans; iran; iraniërs,iran; iraner; iranisch,iran; iranien; iraniens,iran; иран; иранцы,5,,hand,,
COUNTRY,Turkey,,any,,turkey; turkish; turks,turken; turkije; turks,türkei; türken,turcs; turquie,турки; турция,7,,hand,,
COUNTRY,Poland,,any,,poland; poles; polish,polen; pools,polen; polnisch,pologne; polonais,польский; польша; поляки,5,,hand,,Add nationalities for all?
COUNTRY,Syria,,any,,syria; syrian; syrians,syrië; syriërs,syrer; syrien,syrie; syriens,сирийцы; сирия,6,,hand,,
COUNTRY,Afghanistan,,any,afghanistan,afghan; afghanistan,afghaans; afghanen; afghanistan,afghanen; afghanisch; afghanistan,afghan; afghanistan; afghans,afghanistan; афганистан; афганцы,3,,hand,,
COUNTRY,Saudi Arabia,,any,saudi,saudi; saudi arabia,saoedi-arabië; saudi,saudi; saudi-arabien,arabie saoudite; saudi,saudi; саудовская аравия,6,,hand,,
COUNTRY,India,,any,india,india; indian; indians,india; indiërs,inder; india,inde; india; indiens,india; индийцы; индия,4,,hand,,
COUNTRY,Japan,,any,japan,japan; japanese,japan; japanners; japans,japan; japaner; japanisch,japan; japon; japonais,japan; япония; японцы,5,,hand,,
COUNTRY,North Korea,,any,,north korea,noord-korea,nordkorea,corée du nord,северная корея,5,,hand,,
COUNTRY,European Union,,any,eu,eu; europe; european union,eu; europa; europees; europese unie,eu; europa; europäische union,eu; europe; union européenne,eu; европа; евросоюз; ес,11,,hand,,
EVENT,War in Ukraine,,any,,ukraine war; war in ukraine,oorlog in oekraïne,ukraine krieg; ukrainekrieg,guerre en ukraine,война в украине; война на украине; сво; спецоперация,8,,hand,,also in ru: война на украине
EVENT,Russian annexation of Crimea,,any,,annexation of crimea; crimea,crimea; krim,crimea; krim,annexion de la crimée; la crimée; péninsule de crimée,crimea; аннексия крыма; крым; крым наш; крым российский; крымнаш; крымнашисты; присоединение крыма,7,,hand,,"also присоединение крыма, крым наш, крымнашисты"
EVENT,Maidan / 2014 Ukrainian revolution,,any,maidan,euromaidan; maidan,maidan,maidan,maidan; maïdan,maidan; допрыгались; евромайдан; майдан; майданутые,4,,hand,,"also derogative: майданутые, допрыгались"
EVENT,Iranian embassy bombing,,any,,embassy strike; iranian embassy bombing,ambassade bombardement,,bombardement de l'ambassade; frappe sur l'ambassade,удар по посольству,4,,hand,,fr?
EVENT,Noordstation violence (Brussels),,any,,noordstation,drugsgeweld; geweld aan het noordstation; geweld noordstation; noordstation; schietpartij brussel,,gare du nord; violence gare du nord,,3,,hand,,"it's violence that's important here, not just the station, in aliases not always present."
EVENT,Trump rally shooting,,any,,assassination attempt; rally shooting,,,,,2,,hand,,
DOCUMENT,Budapest Memorandum,,any,budapest memorandum,budapest memorandum,boedapest memorandum; budapest memorandum,budapest memorandum; budapester memorandum,budapest memorandum; mémorandum de budapest,budapest memorandum; будапештский меморандум,5,,hand,,
DOCUMENT,Minsk agreements,,any,minsk,minsk; minsk agreements,minsk,minsk,minsk,minsk; минские соглашения,3,,hand,,"the city can be used to refer to agreement, but can be ambiguous"
DOCUMENT,GDPR / data protection regulation,,any,dsgvo; gdpr,data protection regulation; dsgvo; gdpr,avg; dsgvo; gdpr,datenschutzgrundverordnung; dsgvo; gdpr,dsgvo; gdpr; rgpd,dsgvo; gdpr,6,,hand,,
RELIGION,Islam,,any,islam,islam; islamic; muslim; muslims,islam; islamitisch; moslim; moslims,islam; islamisch; muslim; muslime,islam; musulman; musulmans,islam; ислам; мусульмане; мусульманский,14,,hand,,
RELIGION,Christianity,,any,,christian; christianity; christians,christelijk; christen; christendom,christen; christlich,chrétien; chrétiens,христиане; христианство,11,,hand,,
RELIGION,Judaism,,any,,jewish; jews; judaism,joden; joods,juden; jüdisch,juif; juifs,евреи; иудаизм,11,,hand,,
RELIGION,Catholicism,,any,,catholic,katholiek,katholisch,catholique,католицизм,5,,hand,,
RELIGION,Atheism,,any,,atheism; atheist,atheïsme; atheïst,atheismus,athéisme,атеизм,7,,hand,,
RELIGION,Hinduism,,any,,hindu; hinduism,hindoeïsme,hinduismus,hindouisme,индуизм,6,,hand,,
RELIGION,Buddhism,,any,,buddhism; buddhist,boeddhisme,buddhismus,bouddhisme,буддизм,6,,hand,,
ORGANISATION,NATO,,United States; United Kingdom; France; Belgium; Germany; Russia; Netherlands,nato; navo; otan,nato; navo; otan,nato; navo; otan,nato; navo; otan,nato; navo; otan,nato; navo; otan; альянс; нато; натовск; натовские; натовский,4,,hand,,
ORGANISATION,United Nations,,United States; United Kingdom; France; Belgium; Germany; Russia; Netherlands,un; uno,un; united nations; uno,un; uno; verenigde naties; vn,un; uno; vereinte nationen,onu; un; uno,un; uno; оон,8,,hand,,
ORGANISATION,European Commission,,United States; United Kingdom; France; Belgium; Germany; Russia; Netherlands,,european commission,europese commissie,europäische kommission,commission européenne,еврокомиссия,5,,hand,,
ORGANISATION,Hamas,,United States; United Kingdom; France; Belgium; Germany; Russia; Netherlands,hamas,hamas,hamas,hamas,hamas,hamas; хамас,2,,hand,,
ORGANISATION,Hezbollah,,United States; United Kingdom; France; Belgium; Germany; Russia; Netherlands,hezbollah; hizbollah,hezbollah; hizbollah,hezbollah; hizbollah,hezbollah; hizbollah,hezbollah; hizbollah,hezbollah; hizbollah; хезболла,3,,hand,,
ORGANISATION,Taliban,,United States; United Kingdom; France; Belgium; Germany; Russia; Netherlands,taliban,taliban,taliban,taliban,taliban,taliban; талибан,2,,hand,,
ORGANISATION,Ukrainian armed forces,,United States; United Kingdom; France; Belgium; Germany; Russia; Netherlands,,ukrainian armed forces; ukrainian army,oekraïense leger,ukrainische armee,armée ukrainienne,вооруженные силы украины; всу; украинская армия,7,,hand,,
ORGANISATION,AfD,,United States; United Kingdom; France; Belgium; Germany; Russia; Netherlands,afd,afd,afd,afd; alternative für deutschland,afd,afd,2,,hand,,
ORGANISATION,CDU,,United States; United Kingdom; France; Belgium; Germany; Russia; Netherlands,cdu,cdu,cdu,cdu; christlich demokratische union,cdu,cdu,2,,hand,,
ORGANISATION,SPD,,United States; United Kingdom; France; Belgium; Germany; Russia; Netherlands,spd,spd,spd,spd,spd,spd,1,,hand,,
ORGANISATION,Die Linke,,United States; United Kingdom; France; Belgium; Germany; Russia; Netherlands,die linke,die linke,die linke,die linke; linkspartei,die linke,die linke,2,,hand,,
ORGANISATION,Vlaams Belang,,United States; United Kingdom; France; Belgium; Germany; Russia; Netherlands,vlaams belang,vlaams belang,vlaams belang,vlaams belang,vlaams belang,vlaams belang,1,,hand,,
ORGANISATION,N-VA,,United States; United Kingdom; France; Belgium; Germany; Russia; Netherlands,n-va; nva,n-va; nva,n-va; nva,n-va; nva,n-va; nva,n-va; nva,2,,hand,,
ORGANISATION,PVV,,United States; United Kingdom; France; Belgium; Germany; Russia; Netherlands,pvv,pvv,pvv,pvv,pvv,pvv,1,,hand,,
ORGANISATION,Rassemblement National,,United States; United Kingdom; France; Belgium; Germany; Russia; Netherlands,rn,rn,rn,rn,front national; rassemblement national; rn,rn,3,,hand,,
ORGANISATION,La France Insoumise,,United States; United Kingdom; France; Belgium; Germany; Russia; Netherlands,lfi,lfi,lfi,lfi,france insoumise; lfi,lfi,2,,hand,,
ORGANISATION,Republican Party,,United States; United Kingdom; France; Belgium; Germany; Russia; Netherlands,gop,gop; republican party; republicans,gop; republikeinen,gop; republikaner,gop; républicains,gop; республиканцы,7,,hand,,
ORGANISATION,Democratic Party (US),,United States; United Kingdom; France; Belgium; Germany; Russia; Netherlands,,democratic party; democrats,democraten,demokraten,démocrates,демократы,6,,hand,,
ORGANISATION,Labour Party (UK),,United States; United Kingdom; France; Belgium; Germany; Russia; Netherlands,,labour; labour party,labour,labour,parti travailliste,лейбористы,4,,hand,,
ORGANISATION,Conservative Party (UK),,United States; United Kingdom; France; Belgium; Germany; Russia; Netherlands,tories,conservative party; conservatives; tories,conservatieven; tories,konservative; tories,conservateurs; tories,tories; консерваторы,7,,hand,,
ORGANISATION,United Russia,,United States; United Kingdom; France; Belgium; Germany; Russia; Netherlands,,united russia,verenigd rusland,einiges russland,russie unie,единая россия,5,,hand,,
ORGANISATION,BBC,,United States; United Kingdom; France; Belgium; Germany; Russia; Netherlands,bbc,bbc,bbc,bbc,bbc,bbc,1,,hand,,
ORGANISATION,VRT,,United States; United Kingdom; France; Belgium; Germany; Russia; Netherlands,vrt; vrt nws,vrt; vrt nws,vrt; vrt nws,vrt; vrt nws,vrt; vrt nws,vrt; vrt nws,2,,hand,,
ORGANISATION,ZDF,,United States; United Kingdom; France; Belgium; Germany; Russia; Netherlands,zdf,zdf,zdf,zdf,zdf,zdf,1,,hand,,
ORGANISATION,BFMTV,,United States; United Kingdom; France; Belgium; Germany; Russia; Netherlands,bfm; bfmtv,bfm; bfmtv,bfm; bfmtv,bfm; bfmtv,bfm; bfmtv,bfm; bfmtv,2,,hand,,
SOCIAL_ISSUE,Immigration,,any,,immigrants; immigration,immigratie; immigratiebeleid; migratie,einwanderung; migration; zuwanderung,immigration; migration,иммиграция; мигранты; миграция,11,,hand,,
SOCIAL_ISSUE,Integration policy,,any,,integration policy,integratie; integratiebeleid,integrationspolitik,intégration,интеграция,6,,hand,,
SOCIAL_ISSUE,Multiculturalism,,any,,multiculturalism,multiculturalisme; multiculturele samenleving,multikulti,multiculturalisme,мультикультурализм,5,,hand,,
SOCIAL_ISSUE,Racism,,any,,racism; racist,racisme; racistisch,rassismus,racisme,расизм,6,,hand,,
SOCIAL_ISSUE,Antisemitism,,any,,antisemitism,antisemitisme,antisemitismus,antisémitisme,антисемитизм,5,,hand,,
SOCIAL_ISSUE,Islamophobia,,any,,islamophobia,islamofobie,islamfeindlichkeit,islamophobie,исламофобия,5,,hand,,
SOCIAL_ISSUE,Women's rights,,any,,feminism; feminist; women's rights,feminisme; vrouwenrechten,feminismus; frauenrechte,droits des femmes; féminisme,права женщин; феминизм,11,,hand,,
SOCIAL_ISSUE,LGBT rights,,any,lgbt; lgbtq,gay rights; homosexuality; lgbt; lgbtq,homorechten; homoseksualiteit; lgbt; lgbtq,homosexualität; lgbt; lgbtq,homosexualité; lgbt; lgbtq,lgbt; lgbtq; гомосексуальность; лгбт,10,,hand,,
SOCIAL_ISSUE,Transgender rights,,any,,trans rights; transgender,transgender,transgender,transgenre,трансгендер,4,,hand,,
SOCIAL_ISSUE,Abortion,,any,,abortion,abortus,abtreibung,avortement,аборт,5,,hand,,
SOCIAL_ISSUE,Alcohol,,any,alcohol,alcohol; alcoholism; drinking,alcohol; alcoholisme; bier; drank; zuipen,alcohol; alkohol; alkoholismus,alcohol; alcoolisme,alcohol; алкоголизм; алкоголь,12,,hand,,
SOCIAL_ISSUE,Tobacco,,any,,cigarette; smokers; smoking; tobacco,roken; rokers; rookwaren; sigaret; tabak,rauchen; raucher; tabak,cigarette; fumeurs; tabac,курение; табак,15,,hand,,
SOCIAL_ISSUE,Drug policy,,any,,drug policy,drugsbeleid,drogenpolitik,politique des drogues,наркополитика,5,,hand,,
SOCIAL_ISSUE,Drug use,,any,fentanyl,drug use; drugs; fentanyl,drugs; drugsgebruik; fentanyl; wiet,drogen; fentanyl; kiffen,drogue; fentanyl,fentanyl; наркотики,9,,hand,,
SOCIAL_ISSUE,Cannabis legalisation,,any,cannabis,cannabis; cannabis legalisation; marijuana,cannabis; legalisering,cannabis; cannabis-legalisierung; legalisierung,cannabis; légalisation,cannabis; легализация,8,,hand,,
SOCIAL_ISSUE,Political correctness,,any,woke; wokeness,political correctness; woke; wokeness,betutteling; politieke correctheid; woke; wokeness,bevormundung; politische korrektheit; woke; wokeness,politiquement correct; woke; wokeness,woke; wokeness; политкорректность,9,,hand,,
SOCIAL_ISSUE,Free speech,,any,,free speech; freedom of speech,cancelcultuur; cancelen; censuur; meningsuiting; vrijheid van meningsuiting,meinungsfreiheit,liberté d'expression,свобода слова,6,,hand,,
SOCIAL_ISSUE,Press freedom,,any,,journalism; press freedom,journalistiek; persvrijheid,pressefreiheit,journalisme; liberte de la presse,журналистика; свобода прессы,9,,hand,,
SOCIAL_ISSUE,Censorship,,any,,censorship,censuur,zensur,censure,цензура,5,,hand,,
SOCIAL_ISSUE,Terrorism,,any,,terrorism; terrorist,terrorisme,terrorismus,terrorisme,терроризм,5,,hand,,
SOCIAL_ISSUE,Climate change,,any,,climate change; global warming,klimaatverandering; opwarming,klimawandel,changement climatique,изменение климата,7,,hand,,
SOCIAL_ISSUE,Nuclear weapons,,any,,nuclear disarmament; nuclear weapons,kernwapens,atomwaffen,armes nucléaires,ядерное оружие,6,,hand,,
SOCIAL_ISSUE,Conscription / mobilisation,,any,,conscription; draft; mobilisation,dienstplicht,wehrpflicht,conscription,мобилизац; мобилизация; призыв; призывник; уклонист; уклонисты,8,,hand,,
SOCIAL_ISSUE,Military spending,,any,,defence spending; military spending,defensie-uitgaven,verteidigungsausgaben,dépenses militaires,военные расходы,6,,hand,,
SOCIAL_ISSUE,Aid to Ukraine,,any,,aid to ukraine; support for ukraine,steun aan oekraïne,hilfe für die ukraine,aide a l ukraine; aide à l'ukraine,помощь украине,7,,hand,,
SOCIAL_ISSUE,Sanctions,,any,,sanctions,sancties,sanktionen,sanctions,санкции,4,,hand,,
SOCIAL_ISSUE,Healthcare,,any,,health care; healthcare,gezondheidszorg,gesundheitswesen; kassenbeitraege; krankenkasse,santé,здравоохранение,8,,hand,,
SOCIAL_ISSUE,Housing policy,,any,,housing,huisvestingsbeleid; woningmarkt,wohnungspolitik,logement,жилищная политика,6,,hand,,
SOCIAL_ISSUE,Social security,,any,,benefits; social security; unemployment benefits; welfare,sociale zekerheid; uitkering; werkloosheidsuitkering,arbeitslosengeld; bürgergeld; hartz iv; sozialversicherung,allocations; chômage; sécurité sociale,безработица; пособия; социальное обеспечение,6,,hand,,
SOCIAL_ISSUE,Public broadcasting,,any,,public broadcaster,publieke omroep,ard; oeffentlich-rechtlicher rundfunk; rundfunk; rundfunkbeitrag; staatsfunk; zdf; zwangsgebuehren; öffentlich-rechtlicher rundfunk,service public audiovisuel,общественное вещание,6,,hand,,
SOCIAL_ISSUE,Government debt / spending,,any,,government debt; public spending,staatsschuld,neue schulden; schuldenbremse; sondervermoegen; sondervermögen,dette publique,госдолг,9,,hand,,
SOCIAL_ISSUE,Infrastructure investment,,any,,infrastructure,infrastructuur,infrastruktur,infrastructure,инфраструктура,4,,hand,,
SOCIAL_ISSUE,Skilled-worker immigration,,any,,skilled workers,arbeidsmigratie,fachkraefte; fachkräfte; fachkräftemangel,main d'oeuvre qualifiée,трудовая миграция,7,,hand,,
SOCIAL_ISSUE,Judicial independence,,any,,judges; judicial system; judiciary,klassenjustitie; rechters; rechtssysteem,justiz; verfassungsschutz,justice; magistrats,судебная система,11,,hand,,
SOCIAL_ISSUE,Privacy / surveillance,,any,,privacy; surveillance,privacy; privacywetten,datenschutz; überwachung,surveillance; vie privée,приватность; слежка,8,,hand,,
SOCIAL_ISSUE,Capital punishment,,any,,death penalty,doodstraf,todesstrafe,peine de mort,смертная казнь,5,,hand,,
SOCIAL_ISSUE,Gun control,,any,,gun control; gun rights,wapenbezit,waffenrecht,port d'armes,оружие,6,,hand,,
SOCIAL_ISSUE,Far-right politics,,any,,extremism; far right,extreemrechts; rechtse partijen,rechtsextrem; rechtsextremismus,extrême droite,ультраправые,8,,hand,,
SOCIAL_ISSUE,Patriotism / nationalism,,any,,nationalism; patriotism,nationalisme,nationalismus; patriotismus; vaterlandsliebe,nationalisme; patriotisme,национализм; патриотизм,9,,hand,,
SOCIAL_ISSUE,Zionism,,any,,zionism; zionist,zionisme,zionismus,sionisme,сионизм,6,,hand,,
SOCIAL_ISSUE,Adultery,,any,,adultery; affair; infidelity,echtbreuk; overspel,ehebruch,adultère,измена; прелюбодеяние,9,,hand,,
SOCIAL_ISSUE,Left-wing politics,,any,,left wing; leftist; liberal values; the left,links; linkse,die linken; linke politik,la gauche,левые,10,,hand,,
SOCIAL_ISSUE,Right-wing politics,,any,,right wing; the right,rechts; rechtse,die rechten,la droite,правые,7,,hand,,
SOCIAL_ISSUE,Uyghurs / Xinjiang,,any,xinjiang,uighurs; uyghur; uyghurs; xinjiang,oeigoeren; xinjiang,uiguren; xinjiang,ouighours; ouïghours; xinjiang,xinjiang; уйгуры,9,,hand,,
SOCIAL_ISSUE,Colonial history,,any,,colonial history; colonialism,koloniaal; kolonialisme; kolonisatie; kolonisatiegeschichte; kolonisatiegeschiedenis; koloniseren,kolonialismus,colonialisme,колониализм,8,,hand,,
SOCIAL_ISSUE,Democracy,,any,,democracy; democratic,democratie,demokratie,democratie francaise; démocratie,демократия,7,,hand,,
SOCIAL_ISSUE,Beauty standards,,any,,beauty contest; beauty standards; pageant,missverkiezing; schoonheidsideaal,schönheitsideal,concours de beauté,конкурс красоты,8,,hand,,
SOCIAL_ISSUE,Wearing a suit (Zelensky),,any,,dress code; suit; wearing a suit,kostuum; pak dragen,anzug,costume,костюм,8,,hand,,
SOCIAL_ISSUE,Secret Service conduct,,any,secret service,secret service; secret service actions,geheime dienst; secret service,secret service,secret service,secret service; секретная служба,4,,hand,,
SOCIAL_ISSUE,Shooting / gun violence,,any,,gun violence; shooting; sniper,schietpartij,schiesserei,fusillade,стрельба,7,,hand,,
SOCIAL_ISSUE,Election promises,,any,,campaign promises; election promises,verkiezingsbeloften,wahlversprechen,promesses électorales,предвыборные обещания,6,,hand,,
SOCIAL_ISSUE,Crowd reaction,,any,,crowd; the crowd reaction,de menigte,die menge,la foule,толпа,6,,hand,,
SOCIAL_ISSUE,Golan Heights,,any,golan,golan; golan heights,golan; golanhoogten,golan; golanhöhen,golan; plateau du golan,golan; голанские высоты,6,,hand,,
SOCIAL_ISSUE,Open borders,,any,,open borders,open grenzen,offene grenzen,frontières ouvertes,открытые границы,5,,hand,,
SOCIAL_ISSUE,Peace negotiations,,any,,ceasefire; peace talks,vrede; vredesbesprekingen,friedensverhandlungen,négociations de paix,мирные переговоры; перемирие,8,,hand,,
PERSON,Donald Trump,United States,United States,donald trump,donald trump; trump,donald trump; trump,donald trump; trump,donald trump; trump,donald trump; trump; дональд трамп; трамп,2,334.0,wikidata,,
PERSON,Vladimir Putin,Russia,Russia,vladimir poetin; vladimir poutine; vladimir putin; wladimir wladimirowitsch putin,poetin; poutine; putin; vladimir poetin; vladimir poutine; vladimir putin; wladimir wladimirowitsch putin,poetin; poutine; putin; vladimir poetin; vladimir poutine; vladimir putin; wladimir wladimirowitsch putin,poetin; poutine; putin; vladimir poetin; vladimir poutine; vladimir putin; wladimir wladimirowitsch putin,poetin; poutine; putin; vladimir poetin; vladimir poutine; vladimir putin; wladimir wladimirowitsch putin,poetin; poutine; putin; vladimir poetin; vladimir poutine; vladimir putin; wladimir wladimirowitsch putin; владимир владимирович путин; путин,5,315.0,wikidata,,
PERSON,François Hollande,France,France,françois hollande,françois hollande; hollande,françois hollande; hollande,françois hollande; hollande,françois hollande; hollande,françois hollande; hollande; олланд; франсуа олланд,2,218.0,wikidata,,
PERSON,Dmitry Medvedev,Russia,Russia,dmitri anatoljewitsch medwedew; dmitri medvedev; dmitry medvedev,dmitri anatoljewitsch medwedew; dmitri medvedev; dmitry medvedev; medvedev; medwedew,dmitri anatoljewitsch medwedew; dmitri medvedev; dmitry medvedev; medvedev; medwedew,dmitri anatoljewitsch medwedew; dmitri medvedev; dmitry medvedev; medvedev; medwedew,dmitri anatoljewitsch medwedew; dmitri medvedev; dmitry medvedev; medvedev; medwedew,dmitri anatoljewitsch medwedew; dmitri medvedev; dmitry medvedev; medvedev; medwedew; дмитрий анатольевич медведев; медведев,4,169.0,wikidata,,
PERSON,Tony Blair,United Kingdom,United Kingdom,tony blair,tony blair,tony blair,tony blair,tony blair,tony blair; блэр; тони блэр,2,156.0,wikidata,,
PERSON,Boris Johnson,United Kingdom,United Kingdom,boris johnson,boris johnson; johnson,boris johnson; johnson,boris johnson; johnson,boris johnson; johnson,boris johnson; johnson; борис джонсон; джонсон,2,151.0,wikidata,,
PERSON,Theresa May,United Kingdom,United Kingdom,theresa may,theresa may,may; theresa may,may; theresa may,may; theresa may,may; theresa may; тереса мэй,2,147.0,wikidata,,
PERSON,Bernie Sanders,United States,United States,bernie sanders,bernie sanders; sanders,bernie sanders; sanders,bernie sanders; sanders,bernie sanders; sanders,bernie sanders; sanders; берни сандерс; сандерс,2,140.0,wikidata,,
PERSON,Olaf Scholz,Germany,Germany,olaf scholz,olaf scholz; scholz,olaf scholz; scholz,olaf scholz; scholz,olaf scholz; scholz,olaf scholz; scholz; олаф шольц; шольц,2,126.0,wikidata,,
PERSON,Keir Starmer,United Kingdom,United Kingdom,keir starmer,keir starmer; starmer,keir starmer; starmer,keir starmer; starmer,keir starmer; starmer,keir starmer; starmer; кир стармер; стармер,2,125.0,wikidata,,
PERSON,Melania Trump,United States,United States,melania trump,melania trump,melania trump,melania trump,melania trump,melania trump; мелания трамп; трамп,2,118.0,wikidata,,
PERSON,Marine Le Pen,France,France,marine le pen,le pen; marine le pen,le pen; marine le pen,le pen; marine le pen,le pen; marine le pen,le pen; marine le pen; марин ле пен; пен,2,117.0,wikidata,,
PERSON,Frank-Walter Steinmeier,Germany,Germany,frank-walter steinmeier,frank-walter steinmeier; steinmeier,frank-walter steinmeier; steinmeier,frank-walter steinmeier; steinmeier,frank-walter steinmeier; steinmeier,frank-walter steinmeier; steinmeier; франк-вальтер штайнмайер; штайнмайер,2,115.0,wikidata,,
PERSON,JD Vance,United States,United States,j. d. vance; jd vance,j. d. vance; jd vance; vance,j. d. vance; jd vance; vance,j. d. vance; jd vance; vance,j. d. vance; jd vance; vance,j. d. vance; jd vance; vance; вэнс; джеймс дэвид вэнс,3,111.0,wikidata,,
PERSON,Nancy Pelosi,United States,United States,nancy pelosi,nancy pelosi; pelosi,nancy pelosi; pelosi,nancy pelosi; pelosi,nancy pelosi; pelosi,nancy pelosi; pelosi; нэнси пелоси; пелоси,2,107.0,wikidata,,
PERSON,Sergey Lavrov,Russia,Russia,sergei wiktorowitsch lawrow; sergej viktorovitsj lavrov; sergey lavrov; sergueï lavrov,lavrov; lawrow; sergei wiktorowitsch lawrow; sergej viktorovitsj lavrov; sergey lavrov; sergueï lavrov,lavrov; lawrow; sergei wiktorowitsch lawrow; sergej viktorovitsj lavrov; sergey lavrov; sergueï lavrov,lavrov; lawrow; sergei wiktorowitsch lawrow; sergej viktorovitsj lavrov; sergey lavrov; sergueï lavrov,lavrov; lawrow; sergei wiktorowitsch lawrow; sergej viktorovitsj lavrov; sergey lavrov; sergueï lavrov,lavrov; lawrow; sergei wiktorowitsch lawrow; sergej viktorovitsj lavrov; sergey lavrov; sergueï lavrov; лавров; сергей викторович лавров,5,102.0,wikidata,,
PERSON,Friedrich Merz,Germany,Germany,friedrich merz,friedrich merz; merz,friedrich merz; merz,friedrich merz; merz,friedrich merz; merz,friedrich merz; merz; мерц; фридрих мерц,2,100.0,wikidata,,
PERSON,Alexandria Ocasio-Cortez,United States,United States,alexandria ocasio-cortez,alexandria ocasio-cortez; ocasio-cortez,alexandria ocasio-cortez; ocasio-cortez,alexandria ocasio-cortez; ocasio-cortez,alexandria ocasio-cortez; ocasio-cortez,alexandria ocasio-cortez; ocasio-cortez; александрия окасио-кортес; окасио-кортес,2,91.0,wikidata,,
PERSON,Mikhail Mishustin,Russia,Russia,michail misjoestin; michail wladimirowitsch mischustin; mikhail mishustin; mikhaïl michoustine,michail misjoestin; michail wladimirowitsch mischustin; michoustine; mikhail mishustin; mikhaïl michoustine; mischustin; mishustin; misjoestin,michail misjoestin; michail wladimirowitsch mischustin; michoustine; mikhail mishustin; mikhaïl michoustine; mischustin; mishustin; misjoestin,michail misjoestin; michail wladimirowitsch mischustin; michoustine; mikhail mishustin; mikhaïl michoustine; mischustin; mishustin; misjoestin,michail misjoestin; michail wladimirowitsch mischustin; michoustine; mikhail mishustin; mikhaïl michoustine; mischustin; mishustin; misjoestin,michail misjoestin; michail wladimirowitsch mischustin; michoustine; mikhail mishustin; mikhaïl michoustine; mischustin; mishustin; misjoestin; михаил владимирович мишустин; мишустин,5,88.0,wikidata,,
PERSON,Marco Rubio,United States,United States,marco rubio,marco rubio; rubio,marco rubio; rubio,marco rubio; rubio,marco rubio; rubio,marco rubio; rubio; марко рубио; рубио,2,87.0,wikidata,,
PERSON,Jeremy Corbyn,United Kingdom,United Kingdom,jeremy corbyn,corbyn; jeremy corbyn,corbyn; jeremy corbyn,corbyn; jeremy corbyn,corbyn; jeremy corbyn,corbyn; jeremy corbyn; джереми бернард корбин; корбин,2,78.0,wikidata,,
PERSON,Nicola Sturgeon,United Kingdom,United Kingdom,nicola sturgeon,nicola sturgeon,nicola sturgeon,nicola sturgeon,nicola sturgeon,nicola sturgeon; никола стерджен; стерджен,2,74.0,wikidata,,
PERSON,Mitch McConnell,United States,United States,mitch mcconnell,mitch mcconnell,mitch mcconnell,mitch mcconnell,mitch mcconnell,mitch mcconnell; макконнелл; митч макконнелл,2,73.0,wikidata,,
PERSON,Martin Schulz,Germany,Germany,martin schulz,martin schulz,martin schulz,martin schulz,martin schulz,martin schulz; мартин шульц; шульц,2,72.0,wikidata,,
PERSON,Ted Cruz,United States,United States,ted cruz,ted cruz,ted cruz,ted cruz,ted cruz,ted cruz; круз; тед круз,2,70.0,wikidata,,
PERSON,Elizabeth Warren,United States,United States,elizabeth warren,elizabeth warren,elizabeth warren,elizabeth warren,elizabeth warren,elizabeth warren; уоррен; элизабет уоррен,2,69.0,wikidata,,
PERSON,Annalena Baerbock,Germany,Germany,annalena baerbock,annalena baerbock,annalena baerbock,annalena baerbock,annalena baerbock,annalena baerbock; анналена бербок; бербок,2,67.0,wikidata,,
PERSON,Élisabeth Borne,France,France,élisabeth borne,élisabeth borne,élisabeth borne,élisabeth borne,élisabeth borne,élisabeth borne; борн; элизабет борн,2,66.0,wikidata,,
PERSON,Gabriel Attal,France,France,gabriel attal,gabriel attal,gabriel attal,gabriel attal,gabriel attal,gabriel attal; атталь; габриэль атталь,2,64.0,wikidata,,
PERSON,Elio Di Rupo,Belgium,Belgium,elio di rupo,di rupo; elio di rupo,di rupo; elio di rupo,di rupo; elio di rupo,di rupo; elio di rupo,"di rupo; elio di rupo; ди рупо, элио; элио",2,64.0,wikidata,,
PERSON,Gennady Zyuganov,Russia,Russia,gennadi andrejewitsch sjuganow; gennadi zjoeganov; gennady zyuganov; guennadi ziouganov,gennadi andrejewitsch sjuganow; gennadi zjoeganov; gennady zyuganov; guennadi ziouganov,gennadi andrejewitsch sjuganow; gennadi zjoeganov; gennady zyuganov; guennadi ziouganov,gennadi andrejewitsch sjuganow; gennadi zjoeganov; gennady zyuganov; guennadi ziouganov,gennadi andrejewitsch sjuganow; gennadi zjoeganov; gennady zyuganov; guennadi ziouganov,gennadi andrejewitsch sjuganow; gennadi zjoeganov; gennady zyuganov; guennadi ziouganov; геннадий андреевич зюганов; зюганов,5,63.0,wikidata,,
PERSON,Sophie Wilmès,Belgium,Belgium,sophie wilmès,sophie wilmès,sophie wilmès,sophie wilmès,sophie wilmès,sophie wilmès; вильмес; софи вильмес,2,62.0,wikidata,,
PERSON,Chuck Schumer,United States,United States,charles schumer; chuck schumer,charles schumer; chuck schumer,charles schumer; chuck schumer,charles schumer; chuck schumer,charles schumer; chuck schumer,charles schumer; chuck schumer; чака шумера; шумера,3,61.0,wikidata,,
PERSON,Michel Barnier,France,France,michel barnier,michel barnier,michel barnier,michel barnier,michel barnier,michel barnier; барнье; мишель барнье,2,61.0,wikidata,,
PERSON,Valentina Matviyenko,Russia,Russia,valentina matviejenko; valentina matvienko; valentina matviyenko; walentina iwanowna matwijenko,valentina matviejenko; valentina matvienko; valentina matviyenko; walentina iwanowna matwijenko,valentina matviejenko; valentina matvienko; valentina matviyenko; walentina iwanowna matwijenko,valentina matviejenko; valentina matvienko; valentina matviyenko; walentina iwanowna matwijenko,valentina matviejenko; valentina matvienko; valentina matviyenko; walentina iwanowna matwijenko,valentina matviejenko; valentina matvienko; valentina matviyenko; walentina iwanowna matwijenko; валентина ивановна матвиенко; матвиенко,5,61.0,wikidata,,
PERSON,Alice Weidel,Germany,Germany,alice weidel,alice weidel,alice weidel,alice weidel,alice weidel,alice weidel; алиса вайдель; вайдель,2,59.0,wikidata,,
PERSON,Ed Miliband,United Kingdom,United Kingdom,ed miliband,ed miliband,ed miliband,ed miliband,ed miliband,ed miliband; милибэнд; эд милибэнд,2,58.0,wikidata,,
PERSON,Ilhan Omar,United States,United States,ilhan omar,ilhan omar,ilhan omar,ilhan omar,ilhan omar,ilhan omar; ильхан омар; омар,2,57.0,wikidata,,
PERSON,Pete Hegseth,United States,United States,pete hegseth,pete hegseth,pete hegseth,pete hegseth,pete hegseth,pete hegseth; пит хегсет; хегсет,2,57.0,wikidata,,
PERSON,Nick Clegg,United Kingdom,United Kingdom,nick clegg,nick clegg,nick clegg,nick clegg,nick clegg,nick clegg; клегг; ник клегг,2,56.0,wikidata,,
PERSON,Bart De Wever,Belgium,Belgium,bart de wever,bart de wever; de wever,bart de wever; de wever,bart de wever; de wever,bart de wever; de wever,bart de wever; de wever; барт де вевер; вевер,2,56.0,wikidata,,
PERSON,Mike Johnson,United States,United States,mike johnson,mike johnson,mike johnson,mike johnson,mike johnson,mike johnson; джонсон; майк джонсон,2,55.0,wikidata,,
PERSON,Sahra Wagenknecht,Germany,Germany,sahra wagenknecht,sahra wagenknecht,sahra wagenknecht,sahra wagenknecht,sahra wagenknecht,sahra wagenknecht; вагенкнехт; сара вагенкнехт,2,55.0,wikidata,,
PERSON,Sébastien Lecornu,France,France,sébastien lecornu,sébastien lecornu,sébastien lecornu,sébastien lecornu,sébastien lecornu,sébastien lecornu; лекорню; себастьен лекорню,2,54.0,wikidata,,
PERSON,Robert F. Kennedy Jr.,United States,United States,robert f. kennedy jr.; robert francis kennedy junior,junior; kennedy; robert f. kennedy jr.; robert francis kennedy junior,junior; kennedy; robert f. kennedy jr.; robert francis kennedy junior,junior; kennedy; robert f. kennedy jr.; robert francis kennedy junior,junior; kennedy; robert f. kennedy jr.; robert francis kennedy junior,"(младший); junior; kennedy; robert f. kennedy jr.; robert francis kennedy junior; кеннеди, роберт фрэнсис (младший)",3,52.0,wikidata,,"also just surnames can be used, usually no full names are written"
PERSON,Kemi Badenoch,United Kingdom,United Kingdom,kemi badenoch,kemi badenoch,kemi badenoch,kemi badenoch,kemi badenoch,kemi badenoch; баденок; кеми баденок,2,50.0,wikidata,,
PERSON,Armin Laschet,Germany,Germany,armin laschet,armin laschet,armin laschet,armin laschet,armin laschet,armin laschet; армин лашет; лашет,2,49.0,wikidata,,
PERSON,Priti Patel,United Kingdom,United Kingdom,priti patel,priti patel,priti patel,priti patel,priti patel,priti patel; пател; прити пател,2,48.0,wikidata,,
PERSON,Christian Lindner,Germany,Germany,christian lindner,christian lindner,christian lindner,christian lindner,christian lindner,christian lindner; кристиан линднер; линднер,2,47.0,wikidata,,
PERSON,Elvira Nabiullina,Russia,Russia,elvira nabioullina; elvira nabiullina; elwira sachipsadowna nabiullina,elvira nabioullina; elvira nabiullina; elwira sachipsadowna nabiullina,elvira nabioullina; elvira nabiullina; elwira sachipsadowna nabiullina,elvira nabioullina; elvira nabiullina; elwira sachipsadowna nabiullina,elvira nabioullina; elvira nabiullina; elwira sachipsadowna nabiullina,elvira nabioullina; elvira nabiullina; elwira sachipsadowna nabiullina; набиуллина; эльвира сахипзадовна набиуллина,4,46.0,wikidata,,
PERSON,Michael Gove,United Kingdom,United Kingdom,michael gove,michael gove,michael gove,michael gove,michael gove,michael gove; гоув; майкл гоув,2,45.0,wikidata,,
PERSON,François Asselineau,France,France,françois asselineau,françois asselineau,françois asselineau,françois asselineau,françois asselineau,françois asselineau; асэлино; франсуа асэлино,2,45.0,wikidata,,
PERSON,Rachida Dati,France,France,rachida dati,rachida dati,rachida dati,rachida dati,rachida dati,rachida dati; дати; рашида дати,2,45.0,wikidata,,
PERSON,Rashida Tlaib,United States,United States,rashida tlaib,rashida tlaib,rashida tlaib,rashida tlaib,rashida tlaib,rashida tlaib; рашида тлаиб; тлаиб,2,44.0,wikidata,,
PERSON,Sajid Javid,United Kingdom,United Kingdom,sajid javid,sajid javid,sajid javid,sajid javid,sajid javid,sajid javid; джавид; саджид джавид,2,43.0,wikidata,,
PERSON,Markus Söder,Germany,Germany,markus söder,markus söder,markus söder,markus söder,markus söder,markus söder; зёдер; маркус зёдер,2,43.0,wikidata,,
PERSON,Vyacheslav Volodin,Russia,Russia,viatcheslav volodine; vjatsjeslav viktorovitsj volodin; vyacheslav volodin; wjatscheslaw wolodin,viatcheslav volodine; vjatsjeslav viktorovitsj volodin; vyacheslav volodin; wjatscheslaw wolodin,viatcheslav volodine; vjatsjeslav viktorovitsj volodin; vyacheslav volodin; wjatscheslaw wolodin,viatcheslav volodine; vjatsjeslav viktorovitsj volodin; vyacheslav volodin; wjatscheslaw wolodin,viatcheslav volodine; vjatsjeslav viktorovitsj volodin; vyacheslav volodin; wjatscheslaw wolodin,viatcheslav volodine; vjatsjeslav viktorovitsj volodin; vyacheslav volodin; wjatscheslaw wolodin; володин; вячеслав викторович володин,5,43.0,wikidata,,
PERSON,Angela Rayner,United Kingdom,United Kingdom,angela rayner,angela rayner,angela rayner,angela rayner,angela rayner,angela rayner; анджела рэйнер; рэйнер,2,42.0,wikidata,,
PERSON,Anatoly Chubais,Russia,Russia,anatoli borissowitsch tschubais; anatoli tchoubaïs; anatoli tsjoebajs; anatoly chubais,anatoli borissowitsch tschubais; anatoli tchoubaïs; anatoli tsjoebajs; anatoly chubais,anatoli borissowitsch tschubais; anatoli tchoubaïs; anatoli tsjoebajs; anatoly chubais,anatoli borissowitsch tschubais; anatoli tchoubaïs; anatoli tsjoebajs; anatoly chubais,anatoli borissowitsch tschubais; anatoli tchoubaïs; anatoli tsjoebajs; anatoly chubais,anatoli borissowitsch tschubais; anatoli tchoubaïs; anatoli tsjoebajs; anatoly chubais; анатолий борисович чубайс; чубайс,5,42.0,wikidata,,
PERSON,Gregor Gysi,Germany,Germany,gregor gysi,gregor gysi,gregor gysi,gregor gysi,gregor gysi,gregor gysi; гизи; грегор гизи,2,40.0,wikidata,,
PERSON,Sergei Mironov,Russia,Russia,sergei michailowitsch mironow; sergei mironov; sergej mironov; sergueï mironov,sergei michailowitsch mironow; sergei mironov; sergej mironov; sergueï mironov,sergei michailowitsch mironow; sergei mironov; sergej mironov; sergueï mironov,sergei michailowitsch mironow; sergei mironov; sergej mironov; sergueï mironov,sergei michailowitsch mironow; sergei mironov; sergej mironov; sergueï mironov,sergei michailowitsch mironow; sergei mironov; sergej mironov; sergueï mironov; миронов; сергей михайлович миронов,5,37.0,wikidata,,
PERSON,Boris Pistorius,Germany,Germany,boris pistorius,boris pistorius,boris pistorius,boris pistorius,boris pistorius,boris pistorius; борис писториус; писториус,2,36.0,wikidata,,
PERSON,Alexander Gauland,Germany,Germany,alexander gauland,alexander gauland,alexander gauland,alexander gauland,alexander gauland,alexander gauland; александр гауланд; гауланд,2,35.0,wikidata,,
PERSON,Gérald Darmanin,France,France,gérald darmanin,gérald darmanin,gérald darmanin,gérald darmanin,gérald darmanin,gérald darmanin; дарманен; жеральд дарманен,2,34.0,wikidata,,
PERSON,Bodo Ramelow,Germany,Germany,bodo ramelow,bodo ramelow,bodo ramelow,bodo ramelow,bodo ramelow,bodo ramelow; бодо рамелов; рамелов,2,34.0,wikidata,,
PERSON,Jens Spahn,Germany,Germany,jens spahn,jens spahn,jens spahn,jens spahn,jens spahn,jens spahn; йенс шпан; шпан,2,33.0,wikidata,,
PERSON,Alexei Kudrin,Russia,Russia,alexei kudrin; alexei leonidowitsch kudrin; alexeï koudrine,alexei kudrin; alexei leonidowitsch kudrin; alexeï koudrine,alexei kudrin; alexei leonidowitsch kudrin; alexeï koudrine,alexei kudrin; alexei leonidowitsch kudrin; alexeï koudrine,alexei kudrin; alexei leonidowitsch kudrin; alexeï koudrine,alexei kudrin; alexei leonidowitsch kudrin; alexeï koudrine; алексей леонидович кудрин; кудрин,4,31.0,wikidata,,
PERSON,Petra De Sutter,Belgium,Belgium,petra de sutter,de sutter; petra de sutter,de sutter; petra de sutter,de sutter; petra de sutter,de sutter; petra de sutter,de sutter; petra de sutter; петра де суттер; суттер,2,30.0,wikidata,,
PERSON,Dilan Yeşilgöz-Zegerius,Netherlands,Netherlands,dilan yeşilgöz; dilan yeşilgöz-zegerius,dilan yeşilgöz; dilan yeşilgöz-zegerius,dilan yeşilgöz; dilan yeşilgöz-zegerius,dilan yeşilgöz; dilan yeşilgöz-zegerius,dilan yeşilgöz; dilan yeşilgöz-zegerius,dilan yeşilgöz; dilan yeşilgöz-zegerius; дилан йешилгёз-зегериус; йешилгёз-зегериус,3,30.0,wikidata,,
PERSON,Nancy Faeser,Germany,Germany,nancy faeser,nancy faeser,nancy faeser,nancy faeser,nancy faeser,nancy faeser; нэнси фезер; фезер,2,29.0,wikidata,,
PERSON,Karl Lauterbach,Germany,Germany,karl lauterbach,karl lauterbach,karl lauterbach,karl lauterbach,karl lauterbach,karl lauterbach; карл лаутербах; лаутербах,2,27.0,wikidata,,
PERSON,Heidi Reichinnek,Germany,Germany,heidi reichinnek,heidi reichinnek,heidi reichinnek,heidi reichinnek,heidi reichinnek,heidi reichinnek; райхиннек; хайди райхиннек,2,25.0,wikidata,,
PERSON,Yannick Jadot,France,France,yannick jadot,yannick jadot,yannick jadot,yannick jadot,yannick jadot,yannick jadot; жадо; янник жадо,2,24.0,wikidata,,
PERSON,Jean-Pierre Chevènement,France,France,jean-pierre chevènement,jean-pierre chevènement,jean-pierre chevènement,jean-pierre chevènement,jean-pierre chevènement,jean-pierre chevènement; жан-пьер шевенман; шевенман,2,24.0,wikidata,,
PERSON,Bruno Retailleau,France,France,bruno retailleau,bruno retailleau,bruno retailleau,bruno retailleau,bruno retailleau,bruno retailleau; брюно ретайо; ретайо,2,22.0,wikidata,,
PERSON,Laurent Wauquiez,France,France,laurent wauquiez,laurent wauquiez,laurent wauquiez,laurent wauquiez,laurent wauquiez,laurent wauquiez; вокье; лоран вокье,2,20.0,wikidata,,
PERSON,Jan Jambon,Belgium,Belgium,jan jambon,jan jambon,jan jambon,jan jambon,jan jambon,jan jambon; ямбон; ян ямбон,2,17.0,wikidata,,
PERSON,Zuhal Demir,Belgium,Belgium,zuhal demir,zuhal demir,zuhal demir,zuhal demir,zuhal demir,zuhal demir,1,17.0,wikidata,,
PERSON,Maxime Prévot,Belgium,Belgium,maxime prévot,maxime prévot,maxime prévot,maxime prévot,maxime prévot,maxime prévot; максим прево; прево,2,16.0,wikidata,,
PERSON,Theo Francken,Belgium,Belgium,theo francken,theo francken,theo francken,theo francken,theo francken,theo francken; тео франкен; франкен,2,16.0,wikidata,,
PERSON,Tom Van Grieken,Belgium,Belgium,tom van grieken,tom van grieken; van grieken,tom van grieken; van grieken,tom van grieken; van grieken,tom van grieken; van grieken,tom van grieken; van grieken,1,15.0,wikidata,,
PERSON,Frank Vandenbroucke,Belgium,Belgium,frank vandenbroucke,frank vandenbroucke,frank vandenbroucke,frank vandenbroucke,frank vandenbroucke,frank vandenbroucke; вандербруке; франк вандербруке,2,13.0,wikidata,,
PERSON,Jean-Marie Dedecker,Belgium,Belgium,jean-marie dedecker,jean-marie dedecker,jean-marie dedecker,jean-marie dedecker,jean-marie dedecker,jean-marie dedecker,1,13.0,wikidata,,
PERSON,Gerolf Annemans,Belgium,Belgium,gerolf annemans,gerolf annemans,gerolf annemans,gerolf annemans,gerolf annemans,gerolf annemans,1,13.0,wikidata,,
PERSON,Sophie Hermans,Netherlands,Netherlands,sophie hermans,sophie hermans,sophie hermans,sophie hermans,sophie hermans,sophie hermans; софи херманс; херманс,2,12.0,wikidata,,
PERSON,Pieter Heerma,Netherlands,Netherlands,pieter heerma,pieter heerma,pieter heerma,pieter heerma,pieter heerma,pieter heerma; питер хеерма; хеерма,2,11.0,wikidata,,
PERSON,Sjoerd Sjoerdsma,Netherlands,Netherlands,sjoerd sjoerdsma,sjoerd sjoerdsma,sjoerd sjoerdsma,sjoerd sjoerdsma,sjoerd sjoerdsma,sjoerd sjoerdsma; сьёрд сьёрдсма; сьёрдсма,2,11.0,wikidata,,
PERSON,Hans Vijlbrief,Netherlands,Netherlands,hans vijlbrief,hans vijlbrief,hans vijlbrief,hans vijlbrief,hans vijlbrief,hans vijlbrief; вейлбриф; ханс вейлбриф,2,8.0,wikidata,,
PERSON,Eelco Heinen,Netherlands,Netherlands,eelco heinen,eelco heinen,eelco heinen,eelco heinen,eelco heinen,eelco heinen; хейнен; элко хейнен,2,7.0,wikidata,,
PERSON,Joe Biden,,,biden,biden,biden,biden,biden,biden; байден,2,,hand,,
PERSON,Volodymyr Zelensky,,,zelenskiy; zelensky; zelenskyy,zelenskiy; zelensky; zelenskyy,zelenskiy; zelensky; zelenskyy,zelenskiy; zelensky; zelenskyy,zelenskiy; zelensky; zelenskyy,zelenskiy; zelensky; zelenskyy; зеленский; зеленський,5,,hand,,
PERSON,Emmanuel Macron,,,macron,macron,macron,macron,macron,macron; макрон,2,,hand,,
PERSON,Robert Habeck,,,habeck,habeck,habeck,habeck,habeck,habeck,1,,hand,,
PERSON,Geert Wilders,,,wilders,wilders,wilders,wilders,wilders,wilders,1,,hand,,
PERSON,Benjamin Netanyahu,,,netanyahu,netanyahu,netanyahu,netanyahu,netanyahu,netanyahu; нетаньяху,2,,hand,,
PERSON,Xi Jinping,,,xi jinping,jinping; xi jinping,jinping; xi jinping,jinping; xi jinping,jinping; xi jinping,jinping; xi jinping; си цзиньпин; цзиньпин,2,,hand,,
PERSON,Bashar al-Assad,gold,gold,assad,al-assad; assad,al-assad; assad,al-assad; assad,al-assad; assad,al-assad; assad; асад; башар асад,3,,gold,,
PERSON,Markus Lanz,gold,gold,lanz; markus lanz,lanz; markus lanz,lanz; markus lanz,lanz; markus lanz,lanz; markus lanz,lanz; markus lanz,2,,gold,,
PERSON,Rima Hassan,gold,gold,rima hassan,rima hassan,rima hassan,rima hassan,rima hassan,rima hassan,1,,gold,,
PERSON,Acid (Nathan Vandergunst),gold,gold,acid; nathan vandergunst,acid; nathan vandergunst; vandergunst; vandergunst),acid; nathan vandergunst; vandergunst; vandergunst),acid; nathan vandergunst; vandergunst; vandergunst),acid; nathan vandergunst; vandergunst; vandergunst),acid; nathan vandergunst; vandergunst; vandergunst),2,,gold,,
PERSON,Tino Chrupalla,gold,gold,chrupalla,chrupalla,chrupalla,chrupalla,chrupalla,chrupalla,1,,gold,,
SOCIAL_ISSUE,Existence of God,,any,,existence of god; god; religion,bestaan van god; god,gott; gottesbeweis,dieu; existence de dieu,бог; существование бога,11,,debate+general,,
SOCIAL_ISSUE,Same-sex marriage,,any,,gay marriage; marriage equality; same-sex marriage,homohuwelijk,gleichgeschlechtliche ehe; homo-ehe,mariage gay; mariage pour tous,однополые браки,9,,debate+general,,
SOCIAL_ISSUE,Capitalism,,any,,capitalism; capitalist,kapitalisme,kapitalismus,capitalisme,капитализм,6,,debate+general,,
SOCIAL_ISSUE,Communism / socialism,,any,,communism; communist; socialism; socialist,communisme; socialisme,kommunismus; sozialismus,communisme; socialisme,коммунизм; социализм,12,,debate+general,,
SOCIAL_ISSUE,Euthanasia,,any,,assisted dying; euthanasia,euthanasie,sterbehilfe,euthanasie,эвтаназия,6,,debate+general,,
SOCIAL_ISSUE,Vegetarianism,,any,,vegan; veganism; vegetarianism,veganisme; vegetarisme,veganismus; vegetarismus,véganisme; végétarisme,вегетарианство,10,,debate+general,,
SOCIAL_ISSUE,Animal testing,,any,,animal experiments; animal testing,dierproeven,tierversuche,expérimentation animale,опыты на животных,6,,debate+general,,
SOCIAL_ISSUE,Affirmative action,,any,,affirmative action; positive discrimination,positieve discriminatie,positive diskriminierung,discrimination positive,позитивная дискриминация,6,,debate+general,,
SOCIAL_ISSUE,IVF / reproductive technology,,any,,in vitro fertilisation; ivf,ivf; reageerbuisbevruchting,künstliche befruchtung,fiv; procréation assistée,эко; экстракорпоральное оплодотворение,9,,debate+general,,
SOCIAL_ISSUE,School uniforms,,any,,school uniforms,schooluniform,schuluniform,uniforme scolaire,школьная форма,5,,debate+general,,
SOCIAL_ISSUE,Withdrawal from Iraq,,any,,iraq war; withdrawing from iraq,irakoorlog,irakkrieg,guerre en irak,война в ираке; вывод войск из ирака,7,,debate+general,,
SOCIAL_ISSUE,Government / the state,,any,,government; the government; the state,de regering; overheid,der staat; die regierung,l'état; le gouvernement,власть; государство; правительство,12,,debate+general,,
SOCIAL_ISSUE,Taxation,,any,,tax; taxation; taxes,belastingen,steuern,impôts,налоги,7,,debate+general,,
SOCIAL_ISSUE,Corruption,,any,,corrupt; corruption,corruptie,korruption,corruption,коррупция,6,,debate+general,,
SOCIAL_ISSUE,Elections,,any,,elections; the election,verkiezingen,wahlen,élections,выборы,7,,debate+general,,
SOCIAL_ISSUE,Educational system,,any,,education; schools,onderwijs; scholen,bildung; schulen,écoles; éducation,образование; школы,10,,debate+general,,
SOCIAL_ISSUE,Cost of living,,any,,cost of living; prices,koopkracht; kosten van levensonderhoud,lebenshaltungskosten,coût de la vie; pouvoir d'achat,инфляция; стоимость жизни; цены,10,,debate+general,,
PERSON,Nigel Farage,United Kingdom,United Kingdom,nigel farage; farage,farage; nigel farage,farage; nigel farage,farage; nigel farage,farage; nigel farage,farage; nigel farage; фарадж,3,,hand,,
PERSON,Alexei Navalny,Russia,Russia,,alexei navalny; alexey navalny; navalny,aleksej navalny; navalny,alexei nawalny; nawalny,alexeï navalny; navalny,алексей навальный; навального; навальному; навальный,13,,hand,,
PERSON,Yulia Navalnaya,Russia,Russia,,navalnaya; yulia navalnaya,joelia navalnaja; navalnaja,julia nawalnaja; nawalnaja,ioulia navalnaïa; navalnaïa,навальная; навальной; юлия навальная,11,,hand,,
PERSON,Ilya Yashin,Russia,Russia,,ilya yashin; yashin,ilja jasjin; jasjin,ilja jaschin; jaschin,iachine; ilia iachine,илья яшин; яшин; яшина,11,,hand,,
PERSON,Vladimir Kara-Murza,Russia,Russia,,kara murza; kara-murza; murza; vladimir kara-murza,kara-moerza,kara-mursa,kara-mourza,владимир кара-мурза; кара-мурза; кара-мурзу,9,,hand,,
ORGANISATION,Reuzegom,Belgium,Belgium,reuzegom,reuzegom,reuzegom; reuzegommer; reuzegommers; reuzegomzaak,reuzegom,reuzegom,reuzegom,4,,hand,,
ORGANISATION,International community,,any,,international community; the world community,internationale gemeenschap,internationale gemeinschaft,communauté internationale,мировое сообщество; международное сообщество,6,,gold,,
SOCIAL_ISSUE,Alcohol warning labels,,any,,health warning; warning label; warning on the bottle,etiket; gezondheidswaarschuwing; label; opschrift; sensibilisering; vermelding; waarschuwing; waarschuwingslabel,warnetikett; warnhinweis; warnung auf,avertissement sanitaire; message sanitaire; étiquette d'avertissement,предупреждающая этикетка; предупреждение на этикетке,19,,hand,,
SOCIAL_ISSUE,Alcohol advertising,,any,,alcohol ads; alcohol advertising; drinks advertising,alcoholreclame; publiciteit; reclame; reclamecampagne; sponsering; sponsoring,alkoholwerbung; werbung für alkohol,publicité alcool; publicité pour l'alcool,алкогольная реклама; реклама алкоголя,15,,hand,,
SOCIAL_ISSUE,Alcohol ban,,any,,alcohol ban; prohibition,alcoholverbod; drooglegging,alkoholverbot; prohibition,interdiction de l'alcool; prohibition,запрет алкоголя; сухой закон,10,,hand,,
